user_id,amount_cashed_out,tip_amount,number_of_cash_outs
356,241.46,6.56,2
830,334.03,0.41,7
1102,172.43,6.7,7
1091,277.91,10.355,9
1747,264.88,10.5,2
214,337.71,13.06,8
1721,315.88,16.22,5
449,312.73,10.14,9
1569,270.08,10.34,8
710,82.4,15.56,3
380,263.97,11.16,3
1889,255.53,5.38,8
1048,326.65,7.39,9
539,207.71,10.355,2
753,254.18,5.32,3
535,257.34,1.55,8
673,178.74,11.76,2
1065,134.67,16.06,8
568,288.25,5.3,5
1437,350.78,5.48,6
415,187.51,14.72,4
449,228.22,7.75,3
610,332.95,11.28,8
2002,342.67,13.72,9
1798,273.14,6.46,8
2484,291.42,6.56,9
705,303.2,7.47,1
2287,321.1,2.23,5
1066,142.86,12.43,7
734,441.72,13.0,8
800,277.4,10.4,2
2058,322.98,16.8,4
1861,173.82,8.69,7
2187,231.41,13.09,5
731,69.56,6.0,2
196,159.89,15.77,5
1098,177.47,10.355,6
1639,122.14,14.87,1
1659,260.61,3.5,3
1126,242.59,10.55,6
264,392.37,7.7,6
920,137.93,5.74,7
161,273.47,17.05,3
1811,78.29,2.62,7
770,308.78,7.51,3
311,317.06,14.7,5
227,305.21,5.74,4
273,118.35,5.23,1
317,258.36,9.26,7
1923,309.74,12.35,4
2339,345.22,6.36,1
1493,312.83,10.355,6
1895,346.51,10.17,4
1602,356.74,10.78,4
1793,260.49,10.355,2
1451,299.85,10.08,1
2423,349.97,10.355,3
1926,289.01,11.95,5
567,369.9,6.73,9
252,337.45,8.15,7
1557,186.75,12.67,4
2355,119.4,17.23,8
675,251.93,3.38,4
2312,131.89,12.57,6
2116,258.31,16.1,1
1603,249.26,13.47,6
514,380.09,15.76,5
442,300.51,7.28,2
1,347.79,16.18,1
2406,201.04,6.38,6
1139,402.97,10.28,2
903,339.36,7.49,9
1624,292.74,7.69,9
1221,69.34,1.39,1
2322,367.87,0.14,5
856,427.33,15.88,8
1018,251.13,1.0,4
1184,253.17,11.25,3
2221,198.33,3.5,5
585,86.83,5.76,5
455,193.79,13.42,8
196,415.94,10.81,6
599,357.9,9.36,2
1333,172.73,15.72,1
1760,192.16,8.55,3
556,463.51,16.15,2
1518,147.98,4.65,4
439,178.46,4.05,3
359,207.04,9.31,9
1058,114.2,10.02,5
1112,196.25,5.71,4
2064,197.77,8.62,9
421,159.78,16.82,4
553,382.8,8.03,6
1150,133.32,0.32,1
1032,235.81,1.28,2
1492,162.3,20.43,4
880,229.0,17.25,9
1886,157.65,7.82,6
852,257.59,14.05,6
510,282.15,11.3,9
1860,390.22,16.35,4
1764,191.14,4.64,3
966,411.78,4.79,7
1859,169.3,16.6,7
914,226.2,2.53,9
1391,426.47,10.35,6
2066,418.59,13.92,6
2104,227.64,10.7,8
1059,301.49,9.34,6
794,318.26,8.1,9
1597,284.54,5.03,4
1807,149.22,9.17,3
347,273.46,15.83,5
1056,199.42,10.355,3
908,153.16,10.355,2
1024,218.86,13.66,2
576,281.53,12.38,4
199,350.14,9.19,3
1366,224.61,6.86,9
1999,242.14,18.41,7
1255,330.39,13.97,6
2349,257.09,9.3,8
1017,288.16,10.355,9
1559,270.27,2.9,7
2498,142.1,7.87,9
2368,262.23,13.64,1
2204,392.79,17.54,9
471,266.9,21.81,7
2468,166.62,10.13,4
651,397.65,13.08,6
930,326.76,5.56,6
1745,324.05,1.57,2
876,137.36,11.95,5
942,314.78,16.32,7
1309,388.46,13.88,6
572,201.98,10.44,3
54,57.14,16.12,5
325,253.27,5.84,5
885,95.24,10.355,3
265,310.54,11.71,9
382,303.03,15.41,3
1237,103.39,2.26,2
2381,438.93,14.16,6
1382,325.11,8.31,8
2251,60.97,11.68,6
2106,331.89,5.4,1
1518,328.98,5.1,8
1534,391.5,4.48,1
1792,187.61,10.355,9
547,333.33,6.88,8
871,226.33,11.35,6
2151,194.35,10.15,2
1224,163.5,4.1,9
865,59.69,10.38,8
1966,304.04,10.355,4
398,222.7,15.31,2
1762,255.66,17.47,6
392,257.54,4.9,1
2154,365.78,11.77,7
1613,119.3,10.355,1
1078,178.74,14.26,6
1301,294.09,10.355,5
2159,255.66,10.355,3
2272,196.63,8.3,6
2123,284.66,5.51,4
2287,120.2,7.3,4
1425,124.99,9.78,1
846,88.79,14.94,5
1328,186.7,8.43,8
392,355.67,5.06,6
1041,486.19,9.01,9
2060,253.62,8.73,4
2047,326.82,9.57,9
146,155.92,6.86,8
1306,40.83,11.81,3
1573,435.16,16.47,6
2217,190.49,3.66,4
2218,321.87,12.25,1
2033,265.85,14.8,9
765,349.46,7.83,4
1370,345.41,16.26,5
499,277.77,9.7,3
1967,288.78,4.37,4
1166,371.26,3.64,9
1761,209.03,13.92,7
118,405.56,13.46,8
365,179.21,17.82,3
1982,257.66,13.35,3
136,312.92,9.5,7
1101,87.09,12.41,8
1872,388.18,10.355,5
18,297.59,8.34,1
2451,458.07,1.38,5
205,248.91,6.29,3
499,428.56,9.9,1
2372,334.73,10.355,7
595,273.11,10.355,1
562,84.06,14.6,6
1305,107.65,10.355,6
2212,250.44,7.36,7
2372,200.46,7.18,1
640,272.52,6.4,3
1927,387.24,7.21,9
2256,336.5,15.71,2
315,180.37,18.15,5
2352,342.5,1.56,3
901,158.6,5.94,5
2287,135.78,0.68,7
1751,288.16,9.86,1
804,168.55,7.56,3
1561,185.82,11.79,6
1453,349.4,13.32,7
1244,315.76,12.76,3
2323,212.82,1.77,4
1671,87.49,9.87,6
2028,176.48,1.52,5
1769,444.21,18.68,9
2001,346.65,8.23,1
1090,392.36,3.17,5
1447,275.6,10.355,1
2303,214.9,11.04,8
2173,340.52,13.67,7
1170,378.18,16.5,5
615,202.03,10.31,6
2433,178.68,8.33,4
2495,97.87,13.43,9
387,176.16,13.29,3
2431,316.89,10.59,2
1406,190.37,14.05,7
124,343.17,6.95,2
1814,446.72,9.88,6
1625,252.48,10.355,8
1182,248.37,16.95,3
728,304.86,7.54,3
1142,192.56,16.98,3
2376,185.27,6.72,1
359,188.25,11.51,9
443,135.44,10.27,5
2212,339.98,6.99,9
973,200.34,12.4,5
361,361.14,16.38,7
853,302.93,18.95,1
1625,247.72,13.71,9
1612,330.96,10.355,1
1757,155.65,2.97,4
1024,171.96,15.69,7
1908,321.36,5.01,9
1931,30.43,13.08,1
241,251.46,10.67,6
666,309.05,16.59,5
1166,381.09,12.55,3
976,401.55,9.85,2
2040,236.97,20.31,1
2079,327.03,14.12,2
223,169.56,12.77,4
1828,205.65,10.355,6
2314,386.77,4.27,5
1306,246.01,8.7,4
788,265.97,2.51,8
2429,146.69,8.39,7
556,292.26,14.0,4
847,322.3,8.29,5
1560,349.99,16.37,9
140,150.19,9.85,5
1364,247.36,15.71,2
590,88.19,7.1,4
1750,232.05,11.27,4
541,149.64,8.2,5
2423,205.11,3.94,8
291,255.99,12.66,5
2091,332.72,9.97,1
1256,329.29,10.34,2
1236,16.27,9.86,3
8,317.83,5.51,3
1658,270.63,17.94,6
483,193.98,11.24,9
2090,161.96,8.67,1
333,243.76,3.45,6
1257,273.06,17.02,9
1040,287.79,14.59,4
2117,230.27,10.01,3
2101,255.66,3.58,6
685,200.47,18.29,6
994,131.63,8.18,2
1798,455.52,6.64,5
1825,255.93,9.75,1
1806,324.11,11.88,9
1703,313.51,9.16,9
63,281.03,10.355,3
261,208.38,11.25,5
858,195.62,14.61,3
1264,47.94,5.54,7
1489,264.22,17.8,1
1131,280.04,14.37,5
2031,245.22,12.34,6
180,264.34,4.93,7
934,220.6,11.77,7
589,185.01,9.59,4
1761,316.5,14.46,6
605,254.1,8.2,5
2229,186.02,8.64,4
174,234.0,6.67,6
2402,146.05,7.74,3
354,217.18,9.25,3
1339,308.27,9.07,5
2330,243.88,14.62,9
259,175.01,17.51,4
868,116.84,3.59,5
2053,436.53,17.4,9
2004,375.38,13.37,4
596,190.19,5.53,3
1669,221.02,8.35,7
394,47.78,11.42,7
336,90.75,1.72,8
2111,137.2,9.57,4
44,246.64,12.63,4
2201,238.53,6.28,9
854,283.17,2.6,7
275,317.86,10.99,3
426,277.8,21.04,9
483,141.86,6.43,5
214,282.4,6.56,4
2127,313.54,9.0,1
139,207.27,17.85,9
950,65.36,1.74,6
98,368.41,13.85,2
664,258.83,7.65,7
2246,255.66,8.08,3
2204,457.03,4.95,6
1074,202.12,8.76,8
479,493.9,5.09,3
2276,287.74,7.29,5
2197,229.73,10.355,6
1082,268.36,1.33,1
162,179.07,11.68,7
1501,256.13,16.31,4
395,160.14,14.62,7
186,178.02,0.08,8
558,233.19,12.7,8
1981,447.66,2.74,5
446,302.65,5.96,5
830,324.57,14.43,7
2135,257.08,11.47,6
1273,519.55,5.35,4
1814,155.04,1.47,2
2486,92.06,11.06,8
516,418.6,11.68,3
1601,211.84,17.52,2
947,291.03,10.355,7
1599,292.36,14.58,8
1679,473.08,7.9,6
756,263.62,2.02,7
325,179.19,5.38,2
687,14.65,10.19,2
1499,280.05,7.56,6
1689,26.36,11.52,9
2000,282.46,16.4,3
2448,395.95,8.0,8
868,248.29,16.1,5
217,269.01,9.42,6
1001,341.57,11.69,6
1989,316.95,9.41,3
932,366.05,10.355,5
2013,248.08,12.69,1
240,24.89,13.21,2
1210,367.6,10.02,3
48,226.12,10.355,4
1249,162.13,12.98,9
1168,283.59,0.15,1
875,268.65,6.97,3
1898,175.05,10.355,3
2180,121.44,18.49,6
1860,165.01,8.37,3
1971,261.44,17.09,4
601,287.34,12.66,7
2382,346.82,10.62,3
1944,461.91,11.98,9
1817,273.72,8.09,8
2084,207.46,3.8,2
1649,415.84,14.8,5
1828,354.81,9.65,4
223,266.84,1.2,5
1747,273.65,12.54,3
530,252.69,10.2,1
2289,266.22,18.5,8
134,239.81,11.34,9
391,152.52,4.09,8
102,250.89,1.05,4
2041,425.73,16.32,2
2001,168.4,9.68,4
949,222.87,5.67,9
1569,160.81,6.4,9
841,365.73,16.49,5
2054,332.97,12.36,5
742,48.15,11.23,6
473,336.57,5.82,7
2264,116.07,18.93,9
38,332.83,8.04,7
1699,186.19,14.02,3
471,319.5,15.42,7
2500,294.41,10.03,1
1514,196.35,4.43,2
1013,162.1,6.61,4
1784,307.58,13.39,7
1967,180.74,12.67,9
103,360.9,16.5,5
1735,166.77,15.7,8
1736,285.04,5.24,7
42,210.98,17.22,5
2114,250.57,4.87,3
193,179.95,12.97,3
1062,232.14,22.11,6
1677,255.66,11.56,4
2400,168.71,1.11,3
326,191.24,8.37,4
1121,242.81,20.87,3
108,379.32,8.96,6
2199,180.23,16.63,7
1098,391.4,5.22,4
335,163.86,8.22,3
1943,139.19,8.92,3
2040,61.58,19.75,3
804,310.68,8.47,9
1849,258.6,0.57,3
767,304.75,21.91,3
1278,263.16,11.14,8
1409,249.08,13.27,4
2307,278.44,1.97,7
1489,465.25,11.29,3
34,202.61,10.1,8
2374,455.43,5.17,3
837,335.24,13.34,5
2025,286.52,1.47,1
1640,305.45,5.13,5
739,255.66,16.06,6
1490,223.83,6.37,7
1328,182.98,7.53,2
1886,461.24,10.45,2
117,215.86,8.14,9
1505,247.02,13.45,1
2451,245.4,10.88,2
2034,119.35,2.47,2
1700,193.98,10.355,7
1924,331.69,5.78,6
1611,36.82,7.68,9
2281,281.14,10.56,7
1308,159.85,11.53,3
976,379.99,10.355,3
2057,289.49,15.13,1
715,98.02,9.55,8
1926,208.39,4.4,1
2427,295.36,14.76,2
2429,219.6,10.355,7
844,264.51,2.12,1
360,248.08,20.65,4
2224,336.68,10.73,9
485,293.96,6.31,8
1429,245.18,10.54,8
2081,251.79,9.09,3
1489,141.72,10.18,5
696,396.74,12.45,4
565,216.97,11.77,7
1832,254.77,9.21,7
202,351.5,5.9,7
1268,267.83,16.6,7
1470,152.38,13.24,4
74,431.82,15.19,3
96,318.12,10.02,5
1897,272.05,11.13,2
173,177.72,9.11,8
1923,255.8,15.79,9
2203,68.56,8.28,5
2337,324.09,5.08,3
258,348.47,12.61,7
2222,272.98,9.24,1
330,153.97,11.25,3
1255,295.19,13.56,9
161,328.74,7.1,2
186,175.68,8.91,9
143,343.4,8.45,1
640,302.45,16.43,4
2075,222.6,10.07,6
202,194.23,10.78,7
1615,232.11,4.22,3
472,152.93,13.65,9
2307,276.03,12.14,4
2103,305.85,5.82,5
911,366.86,19.61,8
1572,279.74,11.69,3
1030,289.13,6.88,8
1074,223.2,9.99,1
2160,162.59,8.16,8
2194,207.01,10.355,8
230,392.81,14.67,6
1747,313.41,12.27,5
1330,290.74,18.58,9
461,68.46,4.81,6
807,281.28,13.88,1
1932,117.03,10.355,6
2274,124.16,8.85,1
59,135.36,8.87,6
1100,172.72,14.62,3
2476,333.34,14.25,6
728,272.66,2.89,6
1156,155.69,19.08,1
498,191.93,15.71,9
910,299.83,8.59,8
2115,263.36,15.55,2
230,135.25,12.48,5
333,208.75,13.58,2
2325,488.1,12.85,1
1897,128.91,16.07,2
1608,287.49,14.28,5
721,462.08,7.33,7
2192,222.65,7.04,5
1275,433.38,11.78,1
691,181.23,21.45,7
57,52.51,9.25,6
2356,192.07,11.82,7
2222,174.23,14.47,2
1486,82.98,7.9,5
750,208.26,13.99,8
678,349.1,10.07,7
560,190.59,16.25,6
1663,212.4,5.28,6
1705,387.05,21.57,1
1979,175.17,8.44,1
349,311.89,12.61,7
1091,79.26,10.02,3
2378,153.39,4.61,6
2242,228.66,10.355,5
1179,370.91,8.68,3
1720,158.75,12.63,6
2314,157.54,5.97,3
2216,277.24,8.7,8
2193,293.29,8.53,7
2234,146.44,12.75,9
886,197.81,11.54,5
865,358.67,9.12,1
786,132.0,8.15,8
457,284.15,11.57,2
345,198.25,10.99,6
554,390.26,10.64,1
1021,308.04,19.85,6
788,338.06,12.76,4
1820,196.24,19.62,5
705,332.45,9.65,7
1128,329.85,9.76,6
2295,301.95,7.47,1
812,221.74,11.51,9
953,266.26,8.37,6
815,64.73,7.66,6
1549,425.9,0.5,9
144,189.61,17.33,5
863,216.51,8.08,6
1217,118.22,17.37,6
1808,317.29,9.52,7
375,302.92,13.22,9
677,220.45,10.37,5
1290,16.53,12.07,5
556,178.84,4.95,4
863,296.0,15.91,4
2122,275.14,8.17,8
2486,245.38,14.63,2
881,207.61,2.7,8
2274,92.14,6.23,2
1843,346.39,11.86,1
2356,105.99,9.18,9
966,229.58,12.28,8
2396,146.51,11.04,6
476,349.37,19.14,4
1339,308.2,12.7,2
525,214.28,7.84,8
1449,319.12,8.03,3
562,100.83,16.02,4
569,242.05,2.36,5
1206,144.51,12.8,4
106,352.51,4.42,8
2239,287.43,15.55,9
1161,314.99,7.84,1
700,194.68,12.63,2
1144,324.48,10.19,4
72,138.3,3.07,1
755,152.65,13.2,6
905,232.48,6.4,5
52,156.53,14.01,7
1004,320.96,4.99,6
1263,141.93,10.2,5
2303,128.98,6.99,3
685,319.74,16.9,9
1773,255.66,10.17,2
1631,148.9,7.89,6
2105,390.29,11.49,9
950,215.56,10.355,7
2417,292.75,4.57,2
2280,230.91,12.76,2
1426,84.11,10.31,4
1585,117.41,15.9,2
1047,115.73,10.355,8
1291,298.21,10.355,7
2166,316.96,0.71,7
1624,162.12,1.1,3
1177,242.12,8.81,7
2316,250.81,16.85,8
2161,257.82,1.64,5
2214,173.8,19.25,1
1032,413.81,15.43,1
431,317.79,3.26,4
1316,257.31,4.57,2
893,198.12,5.08,7
1074,166.64,11.5,3
107,289.79,9.72,4
745,202.62,9.53,9
1480,263.37,7.48,2
2371,60.07,10.89,8
2357,197.02,14.19,1
622,239.09,9.36,3
995,346.78,6.69,4
145,157.77,14.96,6
821,101.42,8.89,1
412,294.47,12.76,8
114,243.59,9.5,2
2447,77.8,10.355,5
124,82.78,16.17,6
86,185.31,15.99,8
47,241.63,7.24,3
1900,388.93,7.19,9
1573,141.89,14.37,5
1739,303.88,9.68,8
2006,53.91,9.83,4
804,286.1,6.53,9
2437,400.66,17.05,8
1990,264.17,15.2,5
1070,183.18,9.41,3
1192,373.25,10.355,1
46,284.89,6.55,5
540,265.36,10.67,5
87,148.23,11.93,4
1409,286.38,5.69,8
265,181.53,3.78,3
703,281.14,10.4,9
1474,254.85,14.32,3
2280,358.41,10.37,4
186,192.4,10.355,6
326,235.07,4.35,9
1207,329.83,6.83,2
397,226.4,14.39,2
1505,247.85,3.73,2
1427,209.33,18.86,5
1441,233.64,10.43,6
1089,317.1,2.07,3
956,433.59,12.52,3
555,82.15,12.25,2
1041,123.5,7.81,6
2439,235.85,14.7,1
44,254.96,6.9,9
901,228.23,13.16,4
1724,194.67,9.83,2
482,126.76,8.58,6
2037,188.92,16.71,5
1287,331.72,14.92,3
1198,259.31,4.46,3
1465,317.56,11.9,5
566,129.66,19.47,4
2268,394.41,16.84,5
772,193.81,5.45,2
1219,297.52,17.98,1
2457,237.49,14.65,5
471,196.0,4.76,1
1371,293.28,11.04,3
2214,310.05,12.39,8
672,518.8,4.62,8
1175,313.93,13.53,9
111,312.43,22.15,1
1027,364.49,16.83,4
344,303.19,10.81,6
1473,246.13,8.59,7
2380,282.57,11.64,5
2312,335.48,5.12,7
2131,389.08,7.61,8
777,98.93,0.19,6
2382,60.98,12.17,4
1404,384.84,10.355,1
658,170.25,10.355,5
1834,84.21,10.6,4
1833,74.8,4.95,5
454,430.18,11.0,4
741,337.76,6.43,9
1770,170.49,18.28,3
2381,174.62,5.78,3
2358,255.49,7.65,7
1444,335.94,4.93,2
1749,220.6,4.5,9
2402,171.4,10.15,8
824,363.5,3.77,6
145,247.42,9.06,9
2007,230.84,10.355,3
1068,309.21,7.88,4
1787,36.37,10.355,7
1410,297.41,16.67,1
1763,291.09,11.33,1
910,112.11,11.39,1
761,55.86,8.84,8
1517,193.56,14.05,6
531,268.3,14.69,3
1360,278.49,15.19,7
2028,420.4,11.34,6
2178,268.34,3.12,5
1008,110.12,12.03,3
1538,224.9,11.34,4
1274,120.14,7.26,1
947,232.09,5.99,9
1162,390.89,12.72,5
1299,295.92,9.62,2
1002,177.92,8.05,9
2189,309.23,18.36,7
1968,172.22,13.36,8
882,255.66,12.17,3
1848,126.65,16.09,7
1976,295.84,11.65,1
2482,327.23,6.48,6
1631,421.76,8.05,6
173,284.12,13.66,6
473,384.72,13.12,3
1447,313.01,12.23,6
2487,343.74,4.31,3
498,360.17,14.07,9
2217,298.7,10.355,7
989,357.48,10.355,4
1606,180.14,5.85,3
2476,7.34,19.83,6
419,315.07,11.24,9
1371,287.48,7.91,3
714,162.47,13.23,8
2250,123.75,14.29,6
179,263.07,13.17,4
2105,321.69,5.03,5
1930,301.99,15.71,3
946,148.04,8.28,2
2019,170.46,9.92,9
739,316.95,10.355,3
1957,257.27,7.68,6
112,356.02,10.355,5
715,217.67,12.25,8
1402,323.95,7.38,5
1939,246.04,1.89,8
1382,177.72,11.22,5
813,342.82,8.75,6
1209,150.74,6.36,5
37,257.42,10.44,2
1829,267.75,1.1,6
1252,237.97,13.1,7
810,349.08,9.09,3
23,307.26,8.66,3
1527,295.34,10.355,7
796,256.85,7.32,4
496,435.63,11.29,2
900,396.47,9.35,9
2066,325.51,12.44,6
1983,189.77,4.29,2
1469,245.09,18.76,3
1234,313.58,15.21,5
1798,355.16,10.355,5
2259,339.2,7.81,9
565,308.1,3.37,3
1305,450.06,12.15,2
1857,236.44,6.62,8
133,351.32,5.6,7
449,339.14,13.88,9
2312,294.41,17.72,3
1831,298.05,7.62,6
2159,296.03,14.03,5
850,179.18,11.06,5
1262,290.09,11.79,8
1481,324.83,10.355,1
901,282.19,8.94,1
759,65.79,4.52,3
1540,91.38,3.89,2
1900,168.18,12.59,2
862,238.81,7.38,2
1848,173.55,5.42,4
2241,314.59,3.95,1
515,369.2,2.43,9
968,383.37,0.22,5
1592,283.68,10.55,5
84,358.42,10.355,9
798,193.74,12.36,5
2128,234.83,12.32,8
1602,133.3,9.5,1
522,370.69,10.37,1
1223,446.59,8.57,4
1595,215.14,11.13,8
234,32.98,11.07,3
2292,184.98,17.66,9
1417,117.38,17.51,9
1590,146.97,6.01,9
1470,270.46,10.355,9
393,315.97,12.53,2
9,43.56,6.76,4
613,196.78,5.57,2
1944,253.77,8.12,7
715,143.32,10.355,3
1928,273.62,3.05,9
110,238.22,12.49,7
834,205.14,10.16,8
266,163.55,10.14,9
1397,277.34,14.63,8
2032,173.65,9.02,7
976,76.7,10.355,9
1619,252.21,6.31,1
955,126.1,6.27,4
1670,85.38,10.07,4
1350,262.95,20.61,5
1575,233.71,16.43,8
2224,163.37,15.49,1
1059,272.89,3.14,6
1958,292.39,10.355,9
849,273.98,14.11,8
963,270.35,20.43,2
1826,89.46,1.58,7
2322,379.32,13.65,5
2102,305.75,15.32,2
888,154.92,12.26,1
745,248.82,3.25,2
2325,267.83,11.27,6
1442,246.07,12.14,8
1249,429.31,10.89,3
176,55.47,6.58,5
566,102.38,5.96,2
1688,20.11,12.28,8
1409,257.99,6.62,4
531,286.16,9.3,3
1878,221.09,10.8,8
1395,290.65,15.19,8
1221,324.07,3.53,9
948,360.73,8.09,5
585,156.88,1.0,9
1621,221.24,12.93,7
2350,237.43,10.355,3
1156,392.54,13.54,6
1752,168.66,15.55,2
2082,359.77,11.3,6
532,103.39,0.71,5
1232,374.35,10.53,3
1994,335.19,6.02,7
1698,234.43,3.99,4
1546,341.67,12.9,6
1438,199.91,13.83,9
371,157.72,16.43,6
409,420.65,8.58,4
1407,195.88,10.86,2
1902,317.7,18.33,9
1471,360.88,20.48,4
617,330.63,15.4,4
71,309.93,8.25,2
84,318.02,10.04,5
2257,355.75,9.11,6
259,281.77,13.53,6
1326,246.04,5.9,3
932,113.11,11.61,9
2330,281.81,11.63,7
394,352.83,11.92,3
2466,139.93,4.89,4
1335,227.09,11.24,7
1930,292.54,18.85,8
1721,401.24,7.72,6
626,134.14,11.3,4
1893,329.35,0.79,2
1837,214.22,10.355,8
562,182.64,11.08,1
1794,158.2,10.58,9
941,184.45,10.355,8
2110,299.91,8.6,3
1166,227.22,15.88,4
1866,321.42,5.58,4
1892,137.82,17.22,2
1640,319.7,11.06,5
1551,293.38,9.64,3
782,99.22,2.84,1
1695,400.62,4.45,2
597,283.99,11.75,7
2057,326.54,6.42,1
2324,365.61,14.98,2
2275,346.84,11.44,7
2234,237.39,2.87,1
2481,322.52,13.81,7
356,69.0,9.19,8
2041,289.38,9.77,2
392,423.25,15.22,4
579,180.46,3.03,7
1641,341.55,4.38,1
2468,427.3,11.63,6
2009,318.92,1.51,5
1724,352.54,6.96,6
164,93.05,14.89,8
638,156.51,9.46,1
2065,392.97,3.13,3
2494,346.04,10.95,9
170,299.6,7.98,8
340,223.54,6.49,4
1934,423.81,12.87,7
1035,239.81,8.58,2
1646,319.93,10.355,1
133,317.3,8.55,1
823,183.41,10.355,3
954,191.13,11.5,2
2127,402.7,10.355,4
346,307.01,14.63,8
609,181.97,17.12,5
639,218.87,15.94,5
1048,151.44,14.28,6
1495,356.65,14.8,5
1225,224.82,15.92,5
2179,226.16,13.55,7
2404,334.09,2.07,6
150,82.06,12.49,2
1550,246.31,16.88,1
1328,248.91,5.99,1
1565,221.44,8.04,4
50,195.05,9.7,2
1506,178.99,10.95,6
335,278.25,7.22,9
1376,148.99,10.29,8
668,266.12,12.57,4
1673,194.71,10.355,2
2375,201.36,10.37,1
1016,269.7,8.09,7
336,200.24,1.47,3
666,376.7,12.82,6
81,235.99,11.56,5
2135,354.66,10.82,5
1800,173.81,13.05,2
258,171.59,11.61,9
991,83.69,18.93,4
185,200.78,10.355,1
1716,226.74,14.47,2
123,257.7,4.57,9
605,319.74,14.4,7
904,312.48,8.58,2
1538,363.56,13.06,7
1982,161.27,10.76,4
1395,253.08,9.14,2
2353,149.98,12.7,4
1309,291.42,8.33,5
1866,430.43,15.4,4
1942,130.36,16.22,3
2310,318.75,7.26,6
1598,354.86,9.16,1
491,160.73,8.13,8
1055,293.63,11.88,5
702,214.01,10.355,8
1292,237.88,1.66,4
2060,210.69,2.91,4
1215,227.51,9.58,5
1424,365.55,10.93,5
1561,242.09,5.29,6
1942,189.83,10.9,5
2139,256.9,6.3,5
600,37.79,7.77,8
1810,168.31,16.35,6
2349,374.86,8.28,2
80,202.2,10.66,4
836,267.3,15.46,5
652,323.66,9.78,6
2481,382.87,7.21,5
417,204.9,12.9,6
1471,207.2,14.06,8
2066,227.68,15.72,4
1078,352.92,9.82,3
746,466.59,13.95,3
2003,233.9,10.91,8
240,426.35,16.6,5
1945,160.7,13.26,9
856,239.86,14.59,8
1797,363.94,0.37,7
1772,202.3,8.01,7
420,188.35,1.91,9
2264,352.5,6.81,8
709,320.51,8.14,3
1668,170.76,14.34,6
1354,164.91,7.8,6
2036,332.93,16.97,5
680,86.81,6.66,3
487,357.95,8.56,9
623,319.18,3.8,7
1439,21.91,17.22,4
219,251.56,17.89,6
2429,52.11,9.34,5
2135,129.49,2.6,1
1485,199.7,8.96,2
2459,123.22,11.16,1
691,471.82,6.83,9
2030,336.41,21.75,9
1013,386.74,19.13,5
447,235.97,1.26,8
2348,253.05,4.23,4
2456,408.07,12.29,1
375,293.37,4.64,4
2281,311.22,10.91,7
1923,158.88,10.05,2
638,158.42,9.8,2
1771,276.1,15.09,6
2234,287.3,19.04,9
2126,150.29,11.98,3
1505,285.85,10.355,7
194,127.83,10.72,9
1400,251.38,7.08,9
2335,106.25,19.96,4
1506,382.8,13.47,2
1747,218.88,12.01,1
250,180.64,13.25,6
1225,135.43,9.81,5
536,125.8,16.26,6
2348,293.64,7.15,7
1107,350.38,14.8,9
458,340.37,17.96,6
1388,389.66,5.93,6
40,424.82,11.69,3
1540,345.79,12.08,8
2156,199.71,4.63,9
261,266.95,3.16,1
1642,24.3,5.42,6
1248,313.76,9.74,7
126,264.93,12.09,8
1230,409.52,8.15,8
1307,175.66,19.65,7
2102,301.55,15.13,8
2394,149.67,12.26,9
136,239.0,7.85,7
2378,86.47,10.35,3
1460,385.6,15.51,9
136,355.26,14.6,1
813,202.73,14.55,8
852,276.18,8.48,6
1745,253.85,7.39,3
1939,188.76,2.86,9
871,262.32,12.64,6
1473,205.72,2.41,7
635,348.03,9.92,2
1652,228.92,7.9,1
669,489.05,11.11,1
1294,242.22,15.83,3
269,261.28,16.77,3
861,302.82,10.355,8
482,333.71,6.18,7
1262,257.8,9.89,8
2333,300.64,5.63,1
103,268.28,6.73,4
792,145.18,5.13,2
1678,319.92,7.73,7
239,401.72,4.65,8
1589,86.9,13.29,9
882,106.54,8.2,7
2236,105.58,10.355,9
888,327.51,10.355,2
1280,335.86,15.07,1
924,152.37,10.355,1
794,470.58,13.67,4
676,211.5,17.61,1
2440,393.56,9.07,7
1682,330.85,10.75,8
1492,154.19,8.41,3
1850,208.2,12.6,1
1277,162.76,15.17,3
672,115.57,4.04,2
839,224.68,6.47,6
1313,130.14,10.51,7
1074,232.51,11.55,9
4,443.3,12.04,5
1655,319.67,9.04,4
1909,194.29,5.59,1
1894,186.13,10.355,6
1923,209.89,3.89,8
1286,457.11,7.54,4
535,141.16,10.09,1
1085,249.82,12.43,5
1380,296.54,8.54,5
646,371.55,13.77,2
24,216.73,16.25,6
1317,153.73,6.89,9
557,278.95,11.96,6
356,381.47,10.355,8
870,166.06,0.47,2
575,261.02,11.77,4
29,87.64,12.32,9
2405,228.13,15.44,9
365,367.8,8.32,3
409,337.48,6.66,1
1315,235.61,5.43,1
1177,415.93,10.355,4
219,440.99,7.98,4
608,103.22,16.35,5
1036,62.01,10.355,6
1540,388.35,7.43,7
858,274.47,7.39,7
1603,413.56,16.99,9
969,116.13,21.12,6
1501,233.88,10.45,8
1106,352.92,11.32,2
1641,177.02,12.6,8
1717,351.48,9.92,9
2489,237.72,11.41,4
617,252.81,10.24,5
226,131.64,12.39,5
2419,275.14,10.355,2
28,469.28,7.6,5
995,288.8,4.08,9
16,170.83,13.45,4
333,389.55,6.07,3
483,173.84,10.355,7
566,422.11,1.06,8
2162,122.5,10.355,6
2086,277.27,5.36,6
454,402.63,9.31,5
166,163.32,17.91,6
2253,258.32,11.88,9
878,365.73,7.45,2
245,24.45,4.12,3
1895,342.69,12.17,1
1357,241.21,9.35,4
943,394.2,12.89,2
1953,167.25,10.355,6
1283,111.32,15.69,1
1746,195.7,10.355,8
410,193.61,7.58,6
2358,229.35,16.95,9
2116,203.14,10.355,6
2162,49.21,9.57,7
2268,240.5,8.63,5
2268,273.18,9.86,8
1497,230.68,11.78,8
386,278.68,10.08,9
930,258.49,3.3,6
405,111.8,10.49,1
492,219.91,9.91,9
357,261.39,9.7,3
215,226.28,20.43,9
1404,100.72,16.69,7
752,372.31,19.14,3
827,152.78,11.72,9
1238,125.78,18.93,7
1122,254.08,5.72,7
666,218.42,8.2,7
2029,310.14,7.1,2
554,337.27,7.52,4
1573,322.06,10.21,8
328,249.82,11.02,2
1189,305.33,10.355,4
150,94.0,18.72,8
1056,359.44,7.14,3
657,209.52,3.97,6
1937,446.99,10.355,2
293,362.48,5.79,8
957,230.27,7.78,8
1085,252.14,6.51,1
1613,368.41,4.31,3
416,23.99,10.45,2
2055,233.98,8.07,7
918,420.14,5.58,7
85,334.49,10.76,4
957,166.23,7.13,8
1422,281.45,15.78,3
1936,152.33,9.18,9
1795,215.85,8.25,5
1417,283.38,11.31,2
1071,300.98,10.355,9
1522,322.94,16.07,1
1502,373.38,10.355,8
2474,130.63,6.03,6
2474,252.4,4.35,1
736,164.97,4.95,4
1153,210.11,2.95,3
1273,174.56,10.355,7
741,299.94,2.79,7
1863,355.3,10.355,6
131,360.7,8.18,8
1764,139.48,9.32,7
1713,237.67,16.41,4
323,136.71,14.94,7
823,133.38,6.33,1
543,183.83,8.76,3
2114,284.33,15.52,2
1856,301.89,7.76,7
2079,315.42,10.85,9
885,309.24,6.97,5
191,165.21,10.2,9
415,368.28,10.42,8
1839,330.33,10.355,1
1814,208.73,15.33,2
1761,212.51,5.68,6
1070,184.25,10.58,5
1722,120.82,18.92,7
375,316.6,11.56,9
558,332.21,6.02,4
1281,157.39,11.74,8
1945,126.81,22.16,4
1597,156.35,10.2,3
1129,261.02,13.97,2
1361,111.8,10.03,8
1325,362.78,11.38,8
1101,356.8,9.61,3
1535,292.43,4.91,1
1254,330.97,11.87,6
1703,255.88,3.88,5
32,296.52,8.44,8
1632,119.98,19.56,6
58,389.05,9.64,4
312,237.12,11.2,8
1753,498.72,7.23,5
2002,228.0,10.54,8
1398,323.94,4.12,5
1783,301.45,13.9,6
2283,116.72,10.62,5
1413,150.03,4.99,3
1432,453.59,11.8,8
802,307.92,19.68,3
239,248.31,6.02,4
1776,196.44,13.79,6
1319,282.01,12.09,2
2352,272.65,14.5,5
1329,356.9,8.61,5
290,163.31,10.76,5
2256,149.93,10.49,2
1810,354.31,10.355,9
582,461.27,12.29,3
370,334.26,8.19,7
220,379.78,19.15,5
1897,242.52,7.46,5
349,276.61,3.4,4
2303,275.27,15.6,6
452,244.46,6.28,7
2190,391.13,3.93,7
89,361.58,11.94,8
871,210.08,16.66,5
1160,85.44,13.69,7
2043,243.64,10.355,4
1875,134.53,10.64,9
523,252.37,8.56,5
910,142.41,18.3,3
442,375.65,7.81,5
38,318.44,10.49,9
1881,316.01,10.85,8
210,357.22,4.2,1
1601,289.11,9.04,5
981,304.68,10.355,6
381,393.47,16.88,2
1561,236.55,10.98,6
394,310.51,8.11,9
1074,144.69,9.27,4
396,257.93,9.67,3
1777,475.93,9.81,9
2080,331.48,10.355,2
545,241.4,14.89,9
1085,276.45,5.05,2
553,247.9,15.34,3
1465,273.17,13.76,7
1154,210.1,9.74,2
1378,299.49,2.63,1
2246,303.03,11.06,9
1687,250.66,8.23,6
1740,264.01,10.355,9
694,284.08,13.23,3
2195,197.28,16.6,3
1740,298.53,4.69,3
498,328.02,20.69,2
2096,396.49,14.48,6
1196,281.84,13.57,3
613,194.44,19.58,5
1339,239.71,11.59,5
376,135.7,15.17,3
806,322.74,10.85,3
921,44.03,14.2,1
875,352.47,15.81,6
1444,364.53,15.29,3
1420,255.66,2.44,1
1546,377.53,7.93,9
1211,352.73,15.86,1
1006,220.99,12.49,5
2081,130.82,10.355,5
2117,166.22,12.54,2
592,174.15,4.48,1
1215,381.61,13.93,6
2149,205.1,11.86,7
1509,340.53,10.43,9
1309,237.59,9.11,8
914,255.51,11.16,3
390,92.86,8.63,9
160,135.29,8.38,1
892,379.31,18.94,6
1071,234.43,2.07,2
1470,280.07,2.17,9
696,430.64,13.91,9
758,237.24,3.9,8
2203,231.58,10.355,7
339,370.61,15.07,6
1977,251.23,16.3,2
795,282.0,3.46,4
1723,349.68,1.02,7
1598,250.01,3.91,6
899,328.76,6.5,9
1168,238.42,19.57,5
103,348.11,7.85,6
93,292.13,14.16,6
975,227.46,13.61,8
1448,257.42,16.61,8
119,5.57,6.87,6
2033,369.38,9.95,8
2077,124.54,8.9,7
1535,143.09,12.69,1
1390,206.2,16.08,5
475,70.7,20.89,5
435,296.76,8.05,9
1258,286.1,10.71,7
55,201.35,14.33,7
931,182.2,13.06,2
1316,180.66,18.58,8
312,311.48,9.46,3
1572,90.63,8.01,9
957,209.1,16.88,6
2366,97.06,11.52,9
1901,326.87,12.7,9
757,216.38,9.64,7
1433,304.67,14.64,8
1264,374.95,10.355,2
1856,376.64,7.71,5
1094,147.79,10.355,3
744,280.95,6.86,1
2324,362.14,14.66,6
233,319.65,10.23,9
2102,329.53,5.38,2
257,71.67,17.15,9
2029,318.11,10.69,8
2138,170.71,18.47,9
1762,316.47,10.355,5
1930,314.28,10.94,2
1459,308.99,10.355,6
1649,238.94,8.13,7
408,381.61,4.53,3
1693,301.03,18.0,6
1978,282.15,13.02,6
2414,156.56,16.97,8
2399,289.61,14.41,1
1323,447.87,18.22,4
1930,110.98,7.44,1
1183,323.01,9.06,8
842,335.62,9.0,2
984,422.55,9.07,8
1761,322.57,2.16,3
1379,251.07,10.82,8
621,292.26,13.96,6
930,223.19,6.6,1
2449,371.93,5.43,7
1731,95.1,9.32,7
975,201.21,13.92,6
392,294.62,4.62,1
352,367.09,10.355,5
1690,248.62,3.5,1
576,171.77,7.15,1
1694,228.91,15.67,6
1312,213.3,10.355,8
523,217.9,14.4,1
726,206.48,6.57,2
162,206.53,7.52,5
1938,78.41,5.72,8
659,280.02,8.4,4
1573,317.47,11.91,5
2130,399.84,5.69,5
524,336.04,1.26,3
4,330.94,15.85,6
1579,279.6,9.1,5
1075,73.74,13.74,2
1285,278.01,8.45,4
1623,261.24,12.71,4
878,352.99,21.63,7
1092,306.75,4.28,7
1167,237.01,6.11,9
1578,445.82,10.355,2
1675,334.85,20.52,6
1609,283.99,9.91,2
1218,295.53,14.44,9
1691,256.12,10.355,2
314,251.65,11.87,6
730,32.98,8.2,8
384,158.49,16.94,6
1789,195.91,13.29,3
1813,295.06,7.9,5
2325,84.83,17.9,4
1096,197.88,18.36,1
1153,185.07,17.53,5
1549,261.68,13.81,5
1865,295.31,8.61,7
751,185.42,11.16,7
983,192.61,7.92,2
228,181.97,11.11,4
2044,210.99,7.03,1
1978,244.89,9.15,5
2065,381.51,20.72,5
1609,148.75,11.55,4
12,425.08,7.85,7
1523,126.62,4.5,6
692,345.46,9.5,3
1740,202.42,13.73,2
1526,158.9,10.68,4
70,381.69,9.73,9
2249,254.35,11.97,1
1573,222.29,13.53,3
629,191.85,13.66,9
1288,232.32,9.56,7
906,255.66,9.31,3
2351,64.63,10.0,1
576,289.23,12.8,4
2173,368.28,15.61,9
2021,386.36,8.32,7
859,154.3,9.18,5
745,269.28,5.93,6
2180,30.65,2.52,1
115,214.86,10.355,7
481,332.37,4.98,5
981,248.25,10.355,7
1025,216.83,12.3,5
2379,248.67,4.64,5
1601,378.28,10.09,3
942,225.53,14.19,5
955,257.26,5.85,8
1661,401.94,7.54,8
768,227.17,3.4,2
2439,86.35,5.24,1
834,386.84,16.85,2
2191,351.56,12.52,7
2376,28.33,20.75,3
1782,236.98,6.31,8
628,247.78,17.54,4
377,386.87,6.36,8
90,248.56,7.49,2
1066,269.7,5.82,6
1971,203.39,17.93,1
1059,379.72,9.84,1
1518,170.77,4.62,9
124,201.46,2.85,5
2105,249.41,10.53,4
1480,116.19,4.38,1
2283,426.54,8.52,3
2440,249.91,0.48,4
1516,332.46,11.77,5
1855,154.25,2.29,5
1367,321.17,9.7,8
52,329.66,3.08,3
1574,344.09,16.13,7
1502,440.5,10.355,6
2053,194.18,8.59,6
632,231.34,12.8,9
1862,165.48,11.79,7
1233,240.38,3.77,7
2265,316.41,1.3,1
2048,311.02,13.91,1
536,414.08,9.38,9
730,299.02,4.64,9
1276,250.06,14.09,3
2051,140.83,7.19,8
1026,336.63,6.71,9
2198,234.35,5.67,1
2052,338.9,6.2,3
1521,207.52,6.02,6
1895,370.07,11.64,4
468,288.63,17.75,8
2118,349.23,3.02,9
201,288.58,8.29,7
308,157.47,9.18,1
2046,213.46,12.32,2
922,121.96,14.94,1
2340,268.46,9.2,9
883,103.74,6.81,4
586,279.39,12.89,8
1721,255.66,1.8,5
509,330.99,10.355,5
2341,154.61,5.96,5
360,387.19,7.93,3
214,281.98,12.72,6
1460,334.63,11.73,1
563,149.47,14.43,8
45,346.19,14.69,4
634,236.25,2.79,6
1436,261.76,16.35,2
1750,133.71,11.89,8
594,341.3,12.11,1
1425,288.54,10.355,8
2294,228.69,8.95,1
1927,140.59,5.17,9
857,227.57,4.45,1
1893,168.16,7.56,4
552,368.69,14.13,9
43,259.18,11.44,1
179,182.3,12.19,9
1481,106.24,7.77,8
607,203.7,11.88,5
672,373.62,9.0,6
927,261.14,14.75,5
17,231.98,13.48,4
1136,419.87,10.8,4
1639,208.55,5.99,8
1054,169.17,11.36,8
1216,290.41,11.21,9
2485,291.96,10.6,3
2227,191.32,7.62,8
616,170.23,6.73,3
312,394.71,11.61,2
2073,206.7,5.71,2
2419,104.81,8.74,9
525,269.29,12.93,4
2278,339.46,12.21,5
1474,230.94,4.21,2
2426,303.71,11.49,9
888,145.27,20.16,7
1925,312.83,13.38,3
2008,154.48,8.63,6
462,280.52,16.54,7
2413,326.77,21.0,6
428,126.46,1.34,8
469,130.79,13.08,8
1015,409.31,16.74,5
1605,173.19,10.355,4
870,326.51,14.69,5
886,261.84,8.98,9
1274,149.6,16.58,6
331,196.72,9.64,3
1956,419.98,11.72,3
201,218.27,13.57,5
454,211.36,12.24,6
826,86.17,5.5,8
111,85.01,8.68,9
908,164.27,9.97,7
1773,205.5,16.15,1
1568,247.46,12.42,7
1233,319.01,6.71,9
2081,272.09,5.4,4
555,320.67,13.27,7
1904,188.61,7.63,9
107,242.92,13.77,1
2274,213.59,9.72,9
2227,123.33,17.3,4
1394,52.6,6.31,8
167,183.09,17.19,3
2348,1.9,14.92,2
1405,136.71,7.8,8
2083,304.52,5.61,8
2455,268.02,19.64,3
1526,252.14,5.49,8
314,368.05,11.53,6
816,177.15,11.73,9
743,318.2,10.05,6
826,169.29,13.91,8
1125,277.75,5.35,2
569,265.35,19.67,1
1239,270.75,5.88,2
1959,211.33,9.28,4
2110,281.93,2.81,9
369,289.75,15.23,7
1392,106.93,19.44,9
94,334.85,20.04,9
1459,126.41,15.67,9
2098,162.26,8.14,8
764,274.2,10.01,6
2084,309.79,8.39,7
1434,272.0,3.93,2
2148,282.56,8.52,1
329,136.33,14.54,5
706,197.63,5.67,8
221,44.96,10.355,3
1815,158.12,3.73,7
1862,115.84,14.09,5
1022,485.61,7.64,6
110,326.01,8.08,6
149,25.51,11.29,7
2454,98.24,11.17,7
699,120.12,12.0,4
1434,74.48,10.355,8
108,221.75,5.28,6
389,272.88,14.51,8
425,120.7,1.18,7
2495,227.7,10.355,1
1092,272.02,15.72,4
2000,319.9,21.68,7
1664,265.61,6.23,9
1528,283.04,7.2,2
2027,246.26,10.27,5
2369,148.58,9.89,9
1856,170.45,14.17,9
447,117.72,12.61,6
1598,399.87,8.24,7
210,103.08,9.51,9
1863,104.05,3.67,6
2418,326.74,10.355,6
1965,347.21,12.77,7
1588,365.2,4.67,7
1652,145.85,10.355,2
1917,266.43,17.23,9
1919,189.94,9.9,4
577,161.34,3.71,9
1666,254.39,14.6,3
689,331.39,8.96,5
790,190.49,4.83,5
992,282.92,11.85,7
2211,159.23,10.26,4
977,145.68,6.93,4
1356,217.56,6.15,1
1688,223.55,10.355,6
350,316.78,13.68,4
1772,124.85,3.76,5
426,465.86,6.01,9
327,70.77,10.51,4
1130,272.81,17.29,1
255,221.49,10.66,9
2038,185.17,12.94,5
2406,232.49,10.51,7
1991,317.22,14.53,3
444,332.75,19.69,4
113,228.24,7.81,9
1054,283.18,10.07,1
689,116.97,10.87,5
991,231.57,12.65,8
1874,289.44,10.66,7
46,21.7,7.28,4
1195,258.09,9.96,7
757,233.18,22.16,1
1377,376.98,11.57,6
1227,266.71,0.45,9
1250,297.98,8.03,3
564,222.85,10.07,4
2209,313.2,9.3,8
2273,306.23,9.66,5
1341,119.34,11.43,5
1438,281.1,12.54,1
95,368.22,11.29,6
1803,348.38,14.75,2
949,252.74,2.52,1
553,282.17,8.74,6
66,341.49,12.17,5
1498,136.11,11.28,5
665,297.44,6.74,9
180,52.91,10.355,3
1483,336.24,5.79,1
202,211.52,14.88,8
1499,241.35,0.74,5
1542,194.46,3.59,5
1313,245.9,12.09,8
1949,275.54,12.72,8
694,325.43,2.08,2
1720,379.95,10.355,3
1268,254.85,10.9,1
1792,83.84,12.58,3
1722,380.56,10.36,4
1622,102.8,12.13,7
1198,207.77,12.3,9
1558,200.96,12.36,5
1533,251.16,11.22,1
2292,123.65,9.57,2
2108,118.8,9.6,2
104,247.85,11.15,9
1695,170.22,14.13,7
1011,384.61,19.82,2
1768,194.91,12.64,1
1042,417.18,16.08,1
1558,296.99,11.98,9
1208,521.7,10.355,3
1681,57.77,6.33,2
1679,270.78,19.14,6
2315,298.56,6.43,3
781,252.78,12.85,5
946,213.8,5.06,8
1831,374.56,16.42,2
548,296.64,7.7,5
2208,81.08,10.41,8
2447,163.06,8.86,1
2175,133.6,10.355,4
1798,237.88,10.86,5
1881,344.89,14.55,3
948,212.08,13.28,2
2258,224.69,11.41,3
2198,152.1,13.26,5
31,326.13,13.5,7
612,373.26,8.01,2
1865,246.76,7.63,7
302,408.0,17.76,6
683,195.59,13.53,7
257,110.3,12.02,7
940,330.44,5.99,9
2057,240.41,1.06,7
777,191.88,8.54,6
732,257.67,7.74,8
1229,91.56,8.45,7
2072,75.19,14.26,6
2043,259.26,10.355,4
970,293.44,15.55,7
103,389.39,6.97,8
1084,338.66,12.69,8
1110,313.54,7.56,4
767,377.04,0.79,9
372,298.99,9.62,3
679,215.58,16.3,9
1994,341.24,8.33,3
202,337.56,14.17,7
1626,249.22,10.355,4
89,130.02,10.355,5
2485,71.49,8.78,3
2168,334.24,17.62,2
2204,297.87,8.43,8
1997,311.91,7.29,7
399,337.97,17.36,7
1724,160.1,7.12,8
188,62.33,11.06,1
1076,301.59,7.15,8
652,369.77,14.62,5
1555,285.19,16.48,8
1504,101.36,6.63,9
587,274.07,12.73,2
230,137.53,13.2,3
1154,95.76,10.355,6
55,249.23,17.63,9
271,266.25,17.59,8
1124,240.14,5.74,6
970,293.81,16.04,5
1553,170.94,12.53,3
1378,258.57,11.22,4
1176,201.46,8.84,7
2378,224.83,2.59,7
116,276.84,11.42,3
323,355.96,11.54,4
1596,279.23,19.97,3
2277,312.4,6.63,2
360,251.02,1.96,6
28,298.76,4.1,7
1255,353.38,17.96,4
1419,437.92,7.76,5
1736,371.08,16.82,8
1868,244.49,10.03,9
1295,364.47,5.13,7
1875,304.9,20.01,1
2076,189.28,16.59,3
1543,306.28,9.1,5
744,137.13,14.98,3
1112,306.43,10.62,1
1722,425.18,12.19,2
1779,332.26,18.81,8
580,369.66,10.355,7
2499,212.18,8.21,3
433,298.09,10.15,4
374,319.82,11.67,3
2483,219.48,3.76,4
1211,318.37,14.58,8
1775,295.47,4.23,9
2042,319.48,3.75,7
2266,146.99,8.75,9
1132,377.61,19.48,9
1574,238.19,12.44,7
1931,240.6,8.81,8
948,246.12,10.78,3
349,167.11,10.355,8
788,368.92,17.33,1
1546,346.31,3.91,6
26,353.03,15.97,2
1072,401.32,2.87,7
859,268.98,7.6,3
370,84.43,9.99,5
1636,312.89,12.06,2
1211,309.16,9.98,1
1548,405.38,10.88,5
1915,263.4,2.4,9
279,235.57,12.88,7
2389,350.36,14.06,9
1352,255.66,16.71,4
1703,274.14,19.24,3
1658,344.57,12.05,4
1929,237.9,17.06,7
607,211.78,10.09,8
1049,279.48,2.75,2
2474,384.94,14.81,5
29,295.1,10.355,5
956,182.3,10.0,9
323,371.7,9.69,3
1877,391.16,12.39,6
2361,169.27,8.31,5
584,529.86,12.21,2
1294,249.93,5.39,2
2343,344.84,5.95,4
656,322.75,3.4,4
786,180.2,21.22,7
223,204.85,10.37,1
2123,256.77,16.04,6
2150,62.99,4.52,9
2221,332.1,9.09,2
1028,60.43,12.76,5
1684,251.47,17.36,4
2443,182.83,6.99,4
1650,307.88,7.99,8
833,29.58,6.04,6
1004,83.78,9.4,7
167,190.32,4.9,9
2348,301.88,2.82,3
2017,272.16,11.29,2
118,355.03,13.35,3
1810,260.79,4.3,8
2207,248.23,6.63,9
1408,142.84,9.5,5
1251,227.66,18.53,8
463,248.05,10.355,7
1734,44.52,12.22,9
1672,160.98,13.4,4
2152,296.34,6.44,3
982,267.95,8.25,9
2298,224.7,11.66,8
1037,189.26,9.85,7
1880,75.71,18.5,1
597,32.46,10.51,2
621,219.33,14.31,9
1412,398.89,12.25,5
71,253.69,10.355,1
956,352.14,6.11,9
1804,132.33,11.01,1
438,278.31,9.67,8
1068,179.63,6.42,5
1926,175.77,14.63,6
1038,324.46,10.355,1
1403,237.96,16.73,2
2362,111.45,10.355,7
1439,259.8,9.23,2
485,178.38,14.71,5
169,105.57,4.06,9
803,150.47,12.12,5
246,454.59,11.58,3
2314,371.24,11.63,6
849,48.55,8.26,7
2291,231.16,7.67,8
2026,238.45,2.15,3
1694,223.4,9.48,4
1351,183.61,14.59,4
530,324.71,7.72,2
1619,344.27,7.97,7
847,354.9,17.95,4
2390,283.01,9.18,4
1789,310.87,11.76,8
1703,215.55,10.355,6
760,92.36,9.18,6
1404,89.72,13.41,9
798,164.83,14.95,4
532,229.94,14.52,9
1918,121.69,15.08,1
864,137.01,10.355,9
42,212.16,4.14,1
599,336.41,7.43,7
306,283.43,6.02,6
809,163.65,6.4,7
1264,254.64,14.45,9
679,117.14,10.53,4
731,163.65,9.32,9
2489,84.28,8.87,3
2026,292.88,8.0,9
933,221.72,8.79,1
903,234.23,16.94,5
133,330.59,1.18,5
2099,150.27,16.37,1
392,296.67,21.47,1
508,448.49,16.33,3
1686,151.79,5.05,9
2402,93.7,7.57,7
1419,124.22,15.17,6
956,288.86,8.76,9
96,424.63,7.47,4
106,420.53,9.5,4
678,334.49,4.39,3
856,337.93,10.355,5
1963,296.46,3.97,5
790,322.51,13.61,7
515,280.38,5.78,7
1085,170.02,10.26,6
1008,421.34,7.78,4
1318,383.54,11.91,7
2350,172.3,14.11,2
2279,314.85,11.43,9
1433,396.12,6.5,7
297,291.87,7.18,2
455,229.46,21.8,2
942,392.97,14.74,6
240,275.53,9.01,7
1622,187.21,7.13,9
2186,134.98,2.81,4
454,255.66,15.64,8
1250,447.31,6.45,2
2491,166.31,10.355,6
2075,346.39,14.14,4
695,157.96,16.76,8
710,266.7,13.79,9
2015,294.97,8.95,2
849,126.09,10.08,7
949,345.7,10.12,7
107,230.18,8.66,8
2492,305.26,1.88,5
1725,395.45,10.355,3
2084,323.96,13.79,1
597,240.52,9.1,4
155,444.4,14.8,3
796,245.53,8.1,2
272,259.31,9.99,6
1571,233.64,14.65,7
1444,127.44,17.78,7
1208,116.42,8.42,8
1635,194.58,5.0,2
1261,148.63,16.07,6
1939,222.23,8.56,6
1533,332.62,7.57,1
122,209.09,8.0,2
1441,272.0,6.41,9
1399,199.41,13.87,8
1504,504.5,3.31,4
150,400.82,10.51,6
707,225.24,11.25,2
1616,277.22,7.01,5
1514,115.96,17.94,2
2201,228.56,14.49,5
845,189.96,7.73,7
2328,324.29,9.47,7
2470,156.97,14.47,9
1977,415.77,10.4,3
1836,243.46,17.01,4
804,163.06,12.83,9
355,253.22,11.26,8
1606,323.68,11.22,7
2128,265.66,4.91,9
1581,337.76,4.53,4
988,331.65,8.79,5
233,332.15,17.02,9
154,222.43,10.355,7
907,221.74,0.48,4
1621,229.27,8.0,6
2419,200.59,20.6,1
323,260.57,10.13,1
332,249.44,4.19,9
243,415.51,14.11,8
430,199.52,10.355,1
1206,151.33,6.81,2
1497,314.57,12.27,4
2424,257.15,10.78,1
81,181.37,12.86,2
1574,328.21,7.71,5
420,222.1,13.14,8
467,402.43,14.19,6
1081,154.99,13.57,6
2001,191.92,1.89,4
1566,262.77,2.83,2
1519,385.78,6.55,3
2036,178.65,11.34,6
804,287.65,12.8,6
1078,133.6,4.73,5
1633,341.67,11.62,6
1985,184.82,14.73,6
4,311.88,13.34,1
1903,317.04,7.7,6
603,68.41,8.16,5
2368,270.93,3.51,8
1399,199.43,18.7,9
501,299.85,12.37,6
1686,162.59,1.94,4
185,191.86,16.13,3
1296,369.85,13.29,1
55,362.11,15.97,7
1725,150.59,7.21,5
1871,429.64,7.9,4
77,255.66,5.94,9
2344,271.46,20.59,7
1602,121.55,7.5,8
1672,287.14,5.22,4
1735,223.84,6.77,8
2091,148.24,8.37,4
1385,176.26,17.78,1
1252,171.34,11.38,8
2275,257.64,16.17,1
1087,347.47,11.43,3
171,445.88,9.1,7
2355,232.91,10.355,3
1774,279.88,17.97,8
2082,368.62,14.95,5
827,205.11,15.41,3
1666,171.69,14.63,5
130,444.84,6.45,5
1175,271.73,15.43,9
1408,89.61,14.72,6
1041,197.62,10.78,3
594,438.71,19.87,2
1038,296.28,12.66,3
2129,247.13,16.61,9
204,389.37,11.0,7
1808,85.49,8.14,9
1568,208.53,14.85,6
23,477.5,13.67,8
1634,245.0,11.73,9
2192,244.31,5.77,3
104,367.91,15.05,7
1406,374.87,6.03,9
1479,119.85,13.89,2
2372,292.8,10.355,7
1195,425.58,5.76,5
576,185.69,11.46,8
1607,212.76,12.89,4
274,252.88,11.08,1
452,319.43,7.36,8
125,107.23,15.57,6
2365,255.66,10.69,8
1867,271.55,10.97,3
1684,218.8,6.39,8
907,188.96,15.63,1
430,233.3,6.79,4
362,409.75,18.49,7
796,183.54,5.88,1
432,307.03,11.61,3
1544,134.64,10.35,3
859,139.43,9.44,6
1430,334.5,13.41,5
1631,338.9,10.355,3
576,44.62,4.68,1
1089,208.01,4.14,3
893,273.89,3.84,8
270,255.96,8.78,5
2020,58.03,20.58,3
1124,120.28,9.75,8
438,169.82,20.5,6
1043,243.24,9.83,3
2273,56.6,10.8,5
1642,310.02,12.98,1
2442,240.7,8.54,6
1384,145.68,11.14,9
1454,269.36,1.49,7
15,106.0,5.55,8
1675,244.79,10.355,6
1004,69.93,13.63,5
2462,84.52,3.18,6
1379,204.6,17.06,7
1481,178.37,11.78,9
1746,288.43,14.8,8
1862,248.13,6.77,5
115,460.04,10.355,7
1376,223.48,8.26,8
976,255.66,15.32,1
1686,46.57,20.58,8
2084,130.39,12.54,7
1687,246.33,5.14,2
63,360.85,2.56,6
188,123.31,8.61,1
93,70.69,9.32,8
5,314.23,4.63,7
2073,27.95,12.39,4
98,347.77,10.47,1
1292,238.29,12.42,2
1788,311.61,4.08,9
1309,280.34,12.37,4
684,285.68,14.73,3
1133,260.45,10.355,8
27,278.16,17.88,4
1782,254.61,13.51,7
2103,112.35,14.78,5
781,210.61,4.9,5
2346,466.98,13.94,6
1615,281.41,14.51,4
1042,364.24,6.74,2
1794,151.69,13.9,6
855,149.94,9.31,5
1643,129.65,6.91,3
1933,116.82,9.02,4
2027,87.76,10.84,3
1988,273.32,8.49,3
1270,214.42,6.04,4
1113,337.55,11.96,2
2251,218.96,12.8,4
240,9.68,10.73,2
490,294.36,1.91,8
1037,46.96,7.08,5
1339,271.44,5.78,7
2037,172.86,18.66,4
685,273.25,10.59,6
2027,105.64,8.6,4
2291,327.83,7.21,6
1615,253.76,9.38,1
1768,215.58,13.76,6
613,80.52,0.85,6
162,431.05,11.15,2
656,159.32,7.48,9
621,276.29,12.15,6
1257,155.11,14.0,7
1952,264.94,3.15,2
1256,188.53,8.48,2
1976,310.58,16.44,9
750,325.01,14.18,3
709,289.46,10.355,4
2321,217.65,6.83,1
1622,294.05,7.2,1
41,234.47,10.355,4
560,247.47,13.92,2
466,171.46,14.84,8
1101,103.66,8.06,4
1714,306.32,7.5,3
490,310.63,6.51,3
117,379.66,7.75,6
2482,254.85,6.32,6
1595,228.43,9.22,6
196,109.02,13.93,6
619,246.05,13.42,8
1475,286.02,5.81,8
2473,68.03,10.76,9
1308,356.9,13.23,1
34,178.8,5.3,8
2343,230.39,10.71,5
1275,309.78,16.07,3
339,249.27,8.78,3
180,390.34,10.355,6
622,312.88,10.355,8
1657,235.17,11.55,2
643,255.66,10.53,9
2071,349.62,10.94,5
1681,132.04,12.45,5
1351,335.19,2.6,1
1178,299.02,5.97,6
619,230.12,12.12,5
1170,345.33,13.68,7
252,302.1,8.72,7
302,282.84,2.84,4
1567,78.37,11.7,5
2211,253.98,10.26,8
612,125.72,4.71,2
1072,140.41,0.08,1
2493,213.89,12.86,6
1944,396.34,6.91,4
74,286.54,10.93,3
1728,293.13,10.75,7
542,327.04,4.27,8
157,162.53,12.09,4
1290,92.36,5.7,6
256,74.6,2.52,2
937,348.67,10.355,6
2166,341.27,17.97,9
2418,166.9,10.21,6
2257,385.55,18.92,6
1892,454.3,17.24,2
1582,310.76,12.58,5
316,398.73,17.87,9
2492,337.32,17.31,1
1776,227.03,15.89,4
1971,183.54,0.58,3
1222,88.69,8.82,1
1723,205.52,6.53,1
2493,226.32,15.86,1
570,228.53,10.355,1
908,238.74,18.76,2
649,20.63,10.51,5
1641,327.9,10.355,2
2353,339.51,8.11,4
339,287.1,9.08,9
529,133.07,11.34,3
2102,286.7,9.67,2
1136,252.26,7.68,4
1952,297.45,7.97,9
419,405.11,19.11,4
2353,232.15,19.99,5
1680,268.15,7.65,4
85,163.56,14.24,8
2300,342.17,5.86,4
1752,320.27,8.37,2
126,271.66,4.56,4
2028,144.69,15.1,2
1429,181.67,12.42,9
2352,66.87,13.38,8
1290,180.49,14.44,9
644,320.94,5.65,4
2255,289.58,8.38,1
574,265.97,12.23,3
2022,398.43,8.27,7
1668,280.45,10.35,1
2249,192.28,6.0,8
1308,180.01,16.65,9
130,204.98,16.19,5
1219,345.3,13.3,9
1018,292.14,4.53,4
432,218.03,7.6,9
2383,221.84,6.49,1
909,320.32,8.71,3
2014,351.09,15.29,4
209,65.66,2.64,1
1985,232.88,7.08,6
58,259.15,8.03,4
2008,304.81,3.43,4
1369,261.3,11.02,1
1038,290.72,8.29,5
1383,226.3,10.355,9
377,169.41,8.62,6
2291,328.42,12.29,8
993,331.59,10.57,4
415,315.18,10.355,9
394,332.98,2.82,7
729,152.83,10.355,7
1600,361.99,9.66,2
1182,285.62,16.65,6
2066,255.62,12.55,7
1592,224.81,17.85,3
155,376.79,10.355,8
1591,72.96,18.67,1
1555,279.41,6.96,1
487,243.34,10.12,3
2199,124.75,15.93,6
1383,411.66,10.355,7
2416,255.66,8.73,2
1071,262.13,15.04,6
2255,302.85,6.91,5
2498,152.49,14.57,6
1507,277.73,13.38,1
1876,227.55,10.85,7
924,348.8,12.99,8
1071,283.86,13.01,9
191,310.4,14.65,1
140,152.48,10.355,9
615,271.48,12.91,3
1515,212.7,12.45,2
624,327.88,15.62,6
1340,107.4,4.21,5
1346,142.65,15.37,4
87,368.0,5.6,4
1918,271.0,21.7,8
1098,286.37,4.17,1
453,300.98,8.55,5
47,219.05,15.24,8
1612,230.64,10.355,3
2079,346.44,18.4,2
2065,235.68,8.5,1
1684,368.35,7.55,4
1259,239.01,6.33,2
392,132.04,7.37,8
354,122.92,3.01,9
305,232.83,6.76,1
1623,341.57,3.95,2
1574,183.49,13.59,6
1564,323.18,17.4,7
1613,260.07,11.11,2
1949,310.62,6.63,8
712,221.03,13.72,9
1419,268.3,10.355,8
786,343.87,15.07,9
177,197.51,5.62,7
1430,68.23,13.63,6
2493,172.83,14.63,3
2069,197.95,5.71,4
711,142.91,12.17,9
1868,226.99,12.73,3
152,459.75,2.31,2
1467,285.2,10.355,7
96,185.59,10.355,6
1099,204.37,17.35,3
640,106.13,3.41,6
1157,136.94,9.06,7
2448,121.05,9.98,6
2294,277.03,5.19,1
112,294.67,19.25,1
1194,257.76,6.54,9
1623,286.98,8.65,6
1634,173.38,6.55,2
1162,135.17,6.51,1
1618,134.54,9.46,2
1260,130.11,13.52,8
1672,285.87,10.8,5
1595,451.37,6.21,7
2164,145.27,9.97,7
1496,215.81,3.16,2
1225,270.29,15.92,4
292,222.1,7.47,2
2390,283.3,7.74,7
1015,192.46,0.27,5
1634,181.97,7.47,1
1240,231.77,18.41,2
1660,282.66,13.06,6
585,378.25,15.54,4
1914,287.66,10.58,7
2027,224.78,10.355,2
1493,333.08,10.35,2
27,350.01,11.01,6
1701,219.67,14.48,8
455,235.4,9.82,1
918,207.29,6.14,5
14,332.09,9.5,1
2146,257.42,8.29,6
279,109.45,12.62,7
1964,290.62,9.52,6
490,398.96,5.05,9
985,406.86,12.83,3
961,202.09,18.93,8
1783,180.34,8.42,3
2255,439.79,7.68,7
1888,406.67,11.19,5
1870,296.73,3.14,1
1597,78.78,10.16,4
1263,189.37,15.4,9
250,140.64,10.48,8
1607,431.24,6.66,3
740,97.44,8.17,2
306,430.36,11.48,9
1807,239.45,12.8,1
1937,130.23,17.52,9
1826,348.68,1.87,7
183,312.95,11.32,2
30,123.38,10.355,5
1412,247.48,9.67,2
767,387.56,11.78,5
615,209.01,8.85,7
1005,417.97,5.01,5
2122,175.52,11.07,2
24,87.8,13.25,5
2476,254.52,9.76,6
1056,103.94,15.3,5
2387,262.49,8.81,2
1971,250.51,12.3,6
2005,174.11,2.09,6
1539,437.87,21.21,2
672,249.6,8.86,4
571,336.44,7.56,7
764,342.87,8.67,1
1243,426.1,5.26,1
713,129.06,4.16,6
767,74.25,10.21,7
1783,422.4,10.57,5
1294,308.11,11.12,8
1675,262.63,9.83,4
2126,236.67,9.58,3
2058,218.94,3.98,7
1492,336.12,7.56,4
1360,105.62,10.81,1
636,297.73,7.31,8
1210,353.13,11.46,5
1692,324.33,9.32,8
1298,242.86,9.29,8
2458,249.73,11.04,5
358,378.57,10.355,8
1671,308.19,13.54,7
2146,425.52,19.92,3
1007,75.73,14.32,4
241,340.67,2.6,7
1827,168.87,4.58,4
1265,242.71,8.63,6
156,387.6,6.19,2
352,149.76,11.95,2
44,461.56,12.48,3
138,360.57,7.58,7
1968,307.92,15.95,3
2484,156.8,17.27,3
754,232.03,0.94,4
143,214.16,2.86,6
1847,126.77,15.49,1
2310,359.38,14.35,6
62,209.56,12.51,8
1591,232.45,10.355,8
1447,237.5,9.48,6
1420,228.58,12.68,6
2020,303.05,10.88,3
2079,187.73,16.54,2
1193,351.83,6.59,7
2314,190.41,10.09,8
2356,247.15,14.45,6
334,119.34,10.82,5
2489,357.17,13.37,4
2439,382.58,13.29,1
1796,321.59,7.88,9
254,267.04,10.355,4
1424,246.39,6.26,2
1028,93.78,4.58,4
1912,114.53,0.72,5
2167,325.05,15.46,2
996,231.92,0.57,7
470,114.08,10.355,3
1494,109.47,7.36,8
1888,313.49,8.61,4
1524,337.4,2.43,5
1094,96.61,11.92,3
694,265.21,8.7,5
1394,288.79,10.31,9
2045,191.63,6.06,2
181,373.97,12.4,7
1221,215.52,5.88,8
47,78.31,10.39,3
634,230.54,12.31,4
1164,386.8,17.26,2
1689,215.45,14.03,9
1564,145.31,10.45,3
1451,312.82,9.96,9
589,275.84,11.57,7
2358,297.71,6.28,3
2322,180.83,14.52,7
1563,190.0,5.32,3
840,322.75,12.28,6
1414,153.36,12.71,8
733,411.49,6.64,5
2409,372.94,2.29,3
1018,135.59,10.355,6
1455,397.58,10.355,8
758,265.22,9.11,3
2003,388.48,3.76,5
1889,232.28,15.29,3
182,221.85,10.36,2
2296,5.04,16.66,8
1321,342.71,13.53,7
1800,179.29,4.18,9
2078,345.98,6.87,4
1326,417.4,15.15,3
1500,192.24,5.2,5
948,186.34,11.98,1
1376,350.78,13.37,5
985,203.25,8.7,3
2365,381.72,10.76,1
1421,180.88,14.16,3
2216,393.82,13.92,5
126,219.43,12.24,5
120,283.02,9.94,8
1452,348.23,12.94,1
1009,301.15,10.355,7
1214,357.07,17.38,5
1452,104.4,9.34,3
697,209.28,6.33,4
2271,256.32,13.0,3
1516,173.45,12.86,8
1035,347.08,10.355,4
1536,198.78,10.34,3
814,173.65,10.19,2
310,344.05,9.86,3
1012,145.45,18.12,7
1058,150.33,9.9,6
1019,300.83,9.35,5
825,384.38,6.6,8
2045,266.17,5.88,1
1117,88.42,11.96,3
628,318.49,7.65,2
1157,190.74,9.06,2
989,362.08,10.99,1
2467,212.03,10.32,5
1492,364.39,10.67,5
1829,208.22,10.66,3
